date,daily_average_demand,seven_day_rolling_average
2025-01-01,51.80587498420053,
2025-01-02,53.0980442712489,
2025-01-03,53.03621789315687,
2025-01-04,53.70033213862698,
2025-01-05,52.91511204098921,
2025-01-06,55.07195004856172,
2025-01-07,52.971137078684755,53.22838120792414
2025-01-08,53.56775416341721,53.48007823352652
2025-01-09,53.50851272622512,53.53871658423741
2025-01-10,53.07461174281401,53.54420141990271
2025-01-11,53.77002919646904,53.554158142451584
2025-01-12,53.33348701287079,53.61392599557752
2025-01-13,52.8716150014557,53.299592417419525
2025-01-14,52.81799314280949,53.27771471229448
2025-01-15,53.481943883011745,53.26545610080798
2025-01-16,52.87072826626066,53.17434403509878
2025-01-17,53.69690841027906,53.263243559022364
2025-01-18,53.28665120184913,53.194189559790935
2025-01-19,52.69652910209707,53.10319557253756
2025-01-20,54.323405873577514,53.31059426855495
2025-01-21,53.72572233686244,53.440269867705375
2025-01-22,53.074328501042395,53.38203909885261
2025-01-23,51.67317523706853,53.21096009468231
2025-01-24,52.84721007728007,53.08957461853959
2025-01-25,50.90918039239074,52.749935931474106
2025-01-26,53.16005364844505,52.81615372380953
2025-01-27,52.98591426021674,52.62508349332943
2025-01-28,52.776827388944476,52.48952707219828
2025-01-29,53.53465260740938,52.55528765882214
2025-01-30,52.98087147351655,52.74210140688614
2025-01-31,53.35652587659732,52.81486080678861
2025-02-01,52.877023637938045,53.09598127043822
2025-02-02,53.04511720608471,53.07956177867246
2025-02-03,53.69104148737224,53.18029423969467
2025-02-04,51.263264565041574,52.96407097913711
2025-02-05,52.48785852411884,52.814528967238466
2025-02-06,52.5719145701736,52.756106552475195
2025-02-07,54.26971833977979,52.88656261864411
2025-02-08,55.1005353275576,53.20420714573262
2025-02-09,53.21368526736992,53.2282882973448
2025-02-10,53.594127546584254,53.2144434486608
2025-02-11,55.03976686556776,53.75394377730739
2025-02-12,54.04359089732214,53.97619125919358
2025-02-13,53.46053422763043,54.10313692454456
2025-02-14,53.976380566740005,54.06123152839602
2025-02-15,55.2700368145664,54.085446026540126
2025-02-16,51.985029214751314,53.9099237333089
2025-02-17,52.51934842777539,53.75638385919335
2025-02-18,54.10768564418907,53.62322939899639
2025-02-19,53.03942954320467,53.47977777697962
2025-02-20,51.724945315285005,53.23183650378741
2025-02-21,51.84388095363108,52.9271937019147
2025-02-22,53.34488483653897,52.65217199076793
2025-02-23,55.03572775061784,53.087986067320294
2025-02-24,52.70778398446897,53.11490543256223
2025-02-25,53.19738793577712,52.98486290278909
2025-02-26,51.90608541544011,52.82295659882272
2025-02-27,52.563264631226396,52.942716501100065
2025-02-28,52.838284861339154,53.084774202201224
2025-03-01,51.18326849960685,52.77597186835378
2025-03-02,54.292598736099016,52.66981058056537
2025-03-03,53.75983313358649,52.820103316153585
2025-03-04,53.690647651455826,52.89056898982198
2025-03-05,51.33969798209673,52.80965649934434
2025-03-06,53.62994232550341,52.96203902709821
2025-03-07,53.8965669459067,53.11322218203643
2025-03-08,52.43456179315328,53.29197836682878
2025-03-09,52.1941687757633,52.99220265820939
2025-03-10,52.975780868620724,52.88019519178571
2025-03-11,53.12253926688092,52.79903685113215
2025-03-12,53.694051728754424,53.13537310065468
2025-03-13,52.4350607255015,52.96467572922584
2025-03-14,53.191387059353126,52.863935745432464
2025-03-15,53.61861187561724,53.03308575721304
2025-03-16,54.363558373953644,53.34299855695451
2025-03-17,51.652073723530776,53.15389753622737
2025-03-18,53.49745624030944,53.20745710386002
2025-03-19,52.23678896310117,52.99927670876671
2025-03-20,51.79487772034947,52.90782199374498
2025-03-21,54.01432088999587,53.02538396955109
2025-03-22,53.936618809226836,53.07081353149532
2025-03-23,54.84009290341493,53.138889892846926
2025-03-24,52.27641942396707,53.2280821357664
2025-03-25,52.905316361027154,53.143490724440355
2025-03-26,53.48281907416293,53.32149502602061
2025-03-27,52.98627411395356,53.4916945108212
2025-03-28,53.995976044487435,53.489073818605696
2025-03-29,29.15817349530593,49.949295916617004
