Actual_Charging_Demand,Linear_Regression_Prediction,Random_Forest_Prediction
85.7216494875591,86.39713774421179,86.18645249154613
65.22231196582764,69.65205507752492,69.5660738212014
78.74678920172926,74.08965884842681,73.94637523067459
17.95083508159847,18.191647839857993,18.05218499478259
24.736213356992916,28.388157812244703,28.976134193041336
68.85409335730196,63.88619757858267,64.56632036194213
39.00070380690013,39.395191809757264,39.429431114655245
103.21274013063208,99.94345829538675,99.45779268050086
103.58742396513308,100.15695869134751,100.15670873989774
19.42936947347735,17.378621037705706,17.639957300630805
21.265906595427364,19.783996351392922,19.011318991903146
27.393402920236365,23.824826144999253,22.389909114591706
87.62968574341032,84.96479518933938,83.72646478141255
85.83498520153216,81.26575347608414,81.55498341608158
40.92956014081727,42.19403212424368,40.99033051983927
77.39546007626888,77.13067442446425,77.24511011239204
64.51958222963577,67.80720553199828,67.07446611933032
19.298662954700685,18.860829848388263,19.653148615785522
31.26180495335356,26.82441529272357,26.812596041589817
20.20065866710077,23.829918231958683,23.743686343232035
93.13351458423595,91.07574020076792,90.60946217400637
27.610765382513502,24.479754334259397,24.78842541431996
99.07778034406162,100.20431795743053,100.76521855889594
16.21104421913368,19.71597537381686,18.975008620435737
64.66898727981172,63.856910339849364,63.43877519062612
25.589361500640155,25.679182586477715,24.026815275116423
38.69763579907188,43.17936046148055,42.30390938531346
35.43830760662144,34.04636157488687,34.60042109939443
46.68957491309625,48.83155328215028,49.18512747078212
68.77396066799503,72.19369125132674,71.96110387820988
72.09517242251937,74.40333787282954,76.04814990141823
23.60379560193553,28.031421380364918,28.33186189398162
76.73428064755828,78.70925309698721,79.0424892081883
32.77239732172336,28.408576922796517,28.080753786505735
37.16180287793388,37.27920156290244,37.61340503775484
15.857078438635709,14.234408883987868,14.267407972736523
27.799888841329786,25.32505470486808,25.45073500348416
19.80848886661473,22.956604627588906,21.92657518367879
82.22874535041738,86.95226134561558,86.79707842063986
61.64086893368707,59.44048597312645,59.277588629453895
11.346515084463237,15.742676324200971,16.66090918921874
97.64218764645965,93.14341087561638,91.36938991098894
103.28631240383316,100.08895681488892,100.10456802488221
71.43753800677263,68.47218126037845,69.78489976537293
45.027937157026464,49.77214804237233,49.80347843378856
46.097550909304864,45.190782700384915,45.28502768160784
48.039179377057486,51.67869705107438,51.85238441318944
21.51206942996334,25.906545196144833,25.76963480407163
83.27669639843734,85.89373033777298,85.97636236908785
28.43382199194497,27.647888847676853,27.34607282464297
40.8416423630475,41.47724407013837,40.70328922493966
26.90124757941524,28.456417031724648,27.647071753694902
26.689205785390072,31.319636996658357,31.0675365210334
53.33771825543143,49.304811972818285,47.879514487068064
16.090828788913228,18.47054315133873,17.851788278289437
24.962859550600868,26.62079480348786,25.50504903179746
66.11162279564529,61.5140940677419,61.37376833035634
37.994325842086965,40.45837841066743,39.588039270073615
36.70068360970973,33.99699637963366,34.19745153094299
34.89669428824587,31.62637738020835,30.7008643805833
76.3752524840943,79.91802505936147,80.6676778289428
65.53521503225896,68.66744145573432,68.8580179976222
33.840573714086105,32.0149493756346,32.572413376127535
89.13849630176841,87.75161837048003,88.62780708476714
32.249103711878334,32.362512980656476,31.273537031097543
54.61614997896069,59.27159526454288,58.69033499657278
32.24941764070734,33.925620014966505,34.54025986292086
35.485593180672865,32.63923746060381,33.08052488621403
88.50356031448452,90.0446075249711,89.77535868369439
13.144482049051357,13.132394256381716,12.655479810322186
86.17608213174906,90.14195868512493,89.14459045696287
63.61434154720521,67.60854774582036,65.98243070552489
31.939374601205078,29.46294027961236,28.997005950525036
93.64295452780614,89.08802018504454,89.86811069198079
34.86452037818446,37.07541990342642,36.68020026113765
48.2233894380916,50.25890847832932,50.00485484587401
99.18204941615116,100.12738283163962,99.04815766476972
50.034705536693664,54.76941156623965,54.24275759902879
10.503074384740444,13.712563674991536,13.583167888992525
35.81529524681222,37.932340636607506,38.91840642350857
28.23857067992479,29.97296901128625,29.17665790099456
66.95342872063168,67.70665945036919,66.33023778960032
31.40030696549209,28.798831803904644,28.787237483482123
47.21378911777525,47.43429957455957,47.638442995809584
88.05845702079496,83.42998498056453,84.7369912783638
33.80953837140754,29.340002590379864,29.109155869310026
54.13239949052388,52.54806923750506,52.57788237052341
65.2507403888859,62.01624369278284,62.33399421838272
35.54119202245399,37.71740590244249,37.82661844277366
67.29134621020985,66.19747129225189,65.81202306477265
33.177947724863905,31.312256806743118,31.186500817184896
52.35488110594975,54.48136253222056,54.07763887625612
49.86169955136345,49.4657356689081,47.93241193701949
28.4222479910231,30.476995279956164,29.33802994790434
69.49110601905745,73.03134623573439,72.54614749255616
92.32414477864891,90.7334083528619,90.00958805410313
88.21051736163344,87.58168716559257,86.85170808900946
29.442611502425645,30.54544583242973,29.76050856204638
80.11116246307144,81.92284458582003,81.91807567562554
65.69123470778864,64.19925079007301,64.45029598902377
83.84465333839553,86.33676291866696,87.02296956539988
29.405894078372484,32.87851992008245,32.34098299719122
45.446045392725054,44.56630221135423,45.93568070646494
37.80851946991887,36.044479780852456,36.78485466008746
44.75780932669114,42.97881773813589,44.20177034785996
36.59161405243415,38.37059902628204,37.58103908959525
20.24104567196404,19.80501546475002,20.249128800875805
9.464976217225855,13.917663493379031,14.924586669227615
103.34969549481184,100.10482094477638,99.49486580681118
73.40377160901483,68.57404081136951,68.56279552100628
49.90165065966758,53.69982664354372,54.56658210038491
97.11391314722336,99.91522448130561,98.81127439283148
31.920338311597607,31.548587698272716,30.70090033625575
18.67101980404163,22.417859038070127,21.822870008396748
53.18174595481642,52.38652656521694,52.753889678043905
40.99933330145312,36.981628951751915,37.21073755051032
43.779472616226805,46.644312672555714,46.98635175384567
26.84757972937488,24.766113136793486,24.784085533664935
91.50861643070732,88.58306172234758,88.92878236398248
22.73903074534316,20.206410756439496,20.96702170704488
12.412079565674812,16.50021772362377,16.25361364542233
50.60293211665903,55.18601520025749,54.6201451166331
69.75663835324224,71.88690602333321,70.96489578216875
35.07665674728022,36.084463151097694,36.86828931406623
52.57542896913273,47.907764780715056,48.117691815380795
51.17270338522039,54.51911748957596,54.467809047406035
68.71473822882955,67.42664035583563,66.60141623039277
60.11495263634399,61.12356057561455,61.017874919273616
26.941227126722872,31.223391788838633,30.776345616818308
91.10150713771507,89.891100492246,90.6221976377275
25.24273730518554,27.998030270250222,28.876091816480308
74.21542339109277,70.20544494979079,70.68641008936355
26.25756910549921,23.338865967472238,21.934001135803165
87.72652072968346,88.32625640057874,88.56084240723072
60.07157036050022,62.17782118538008,63.65505555433577
61.115708249887824,64.48965268552311,65.26544603616485
66.36768910025744,65.68387658541248,66.77658996094674
25.43114256280054,29.630955205655034,28.66131406183899
26.937387650617296,27.806104298277685,27.870626119046786
38.82919850168126,38.59609822259133,38.3339518078842
32.89193917436743,32.594727280597155,33.74699844410104
58.92322360893419,55.06943020586541,53.77914668938465
58.41368218434163,57.42489320000032,57.55565733401022
56.265230455268096,51.97275085267879,51.974647568212994
55.19514385159289,56.407350820816056,56.84013237920306
92.78352647258193,97.75649960788388,99.26628267021162
78.25539535969384,74.70573168978326,76.39418142311885
24.096187976197687,27.703002006103794,27.46682259597635
23.311688054707577,27.45498161476635,27.677866605360606
18.044106862093965,19.25691151654663,20.192795417607623
98.55242723271846,97.70506313824156,98.13450669072455
9.522540546692312,13.863960948825898,14.012948720773224
77.61950207070363,73.92573048969825,74.17338740131896
96.04502991247948,100.03903292526387,99.79661303872008
27.99062139157381,23.30455752351867,23.5253631915621
74.59890487243241,75.98399736580716,75.85784886125164
56.67118695391412,55.715424262447186,56.61956559185199
90.25627317419024,91.79057744025171,92.22408264442662
54.46685454571129,57.503692449640326,57.04472593749364
37.0201366649892,34.63012580579945,35.542151959518485
29.012500754579985,32.57333332143088,32.726162772060896
15.409612259086472,20.222667774696106,20.923652068553956
28.46021963491253,33.28370967401969,31.269868647279445
54.37246289764518,57.05067114243007,56.14801882270038
88.2573367579414,92.77092716446516,92.05002344455397
18.67693430046897,21.537522475532846,20.00864006556635
73.85556211323653,77.7750034201796,77.88149131117862
21.21498533187117,24.661550595651143,24.164897712144807
20.009380235752054,18.12858481470421,18.052212802318174
18.08781710275982,17.844252588443602,17.141479908513578
42.49413916693561,45.13785547216687,44.09070641319229
65.1428580167894,62.68132133664305,64.89760614785308
36.87756106592358,33.412416933122984,32.71539292736219
29.632537936486223,27.98810413879808,28.29043039719597
41.2816768450688,43.20293233110901,43.791924062741316
25.51173999086209,22.801234717876362,21.458067825219505
103.22889556585253,99.03922952239421,98.64305876302805
92.6300126144682,88.79166765102434,87.73779620657784
14.40893232318528,18.86764971389622,19.802151531234724
46.6176924268764,49.054418395962564,48.62313601540298
51.915607840713335,50.933183405510746,50.81221978911514
18.28443039780338,21.377371774254343,21.01392305381449
29.400199107318706,28.9138152938169,28.8832832502688
81.74703334324026,79.61707427997749,80.59784617605229
18.675248258314003,19.993838180833578,21.3447003569688
45.70308604027496,50.08870145595249,51.0373385359467
81.12739425571972,77.28871598316556,76.90098462091089
26.73771021689611,24.75835401700193,23.747306736932238
95.15111877590606,100.10080665835454,100.96880251645527
41.7156652924064,43.58840427093209,45.02242800568697
88.9274648530789,87.64412091430073,87.41802303983839
86.63119594157989,86.26108995134243,87.74714252807648
83.40795781069974,84.71346104809916,85.01125246425059
11.744735131507078,13.139827313210603,13.291816465117346
68.08027909439137,68.11787161305833,67.1579834380086
57.2145074534187,52.70405071592752,52.118957930833545
75.41639837193473,76.0739488905536,76.54006434245457
19.42811507402839,18.75137896614237,19.5541891850197
66.45276327744779,62.66884351981633,64.15095301024957
92.58864354573512,92.52156406208984,92.32328874005712
25.593763318118253,26.579052725387424,26.935916541166815
19.302912850402464,16.920508901016902,17.75493121574759
83.97525756545507,80.60758918008973,79.58248432568169
83.7464043887033,80.05241781943799,80.23536406979154
72.07473223432109,70.49635335025326,70.51870384689875
33.57989018577459,32.88820905800206,34.000176235594324
93.58102223895008,89.13385322265879,89.53889413583217
36.14530560747365,32.910398885790485,32.7555449823145
27.10781531438908,29.282241135751775,28.712008781039355
48.504272157283935,51.08580632437788,50.627796167175966
20.089195167939547,19.42003981555886,17.943367159364318
40.39664831661962,42.1247486577084,41.635989520376505
65.88368910596044,62.95659872342908,62.89237092219807
71.38540480670076,70.63228013762296,70.9066754495316
70.83956287284316,71.53978693912488,71.23862314691478
12.471471312025823,16.954150995089762,17.527921111485334
71.92657075436196,67.57105735947401,66.22297468698072
85.53297109664334,81.66333011695305,81.25285716798989
24.37608804003233,22.269096969703956,23.140688872483253
26.148135442901182,26.46784980232619,25.985784604871174
44.10365405727059,44.66680351603634,44.201519601590896
103.77647019650782,100.01599857829186,101.30446250691061
82.26504745377886,84.03186117641742,84.59246540215015
24.189390532276896,23.018092378217833,23.44696587293819
25.47589958876261,20.856768286501165,20.557635886842892
94.3137191175078,95.92708083835879,96.56190437431718
99.45956678659216,98.9041725412494,98.48807011261495
21.06096804472606,20.69904863795424,21.16098030775345
29.330138146068343,29.04077360546221,28.878953947050146
59.46670266296282,61.187870425988116,62.1860869993248
62.79308882443273,64.55242027531554,64.02205491217433
16.55501372652912,21.00496366344919,22.149382622978724
92.77677100597008,92.59308311283982,92.45117639149586
29.160047426917632,31.864384395400116,31.70821361508427
24.61906556433364,22.922419079331913,23.159295837051562
32.463613730476084,35.078750694250196,34.91464315007269
90.1707878791902,91.16596932315727,89.77120097179586
93.3877607279054,88.6020387297541,89.79925569465775
87.04219340079835,86.80894770569282,86.62964629151418
85.6994881143559,83.01054986389346,83.83011793795984
50.43469529857411,50.18671572574237,51.57006671525473
30.01045719275573,32.22158635621069,33.009178438660754
19.65474331865456,16.953389560174806,16.88118278650323
33.80660041648938,35.066853471304675,33.025880230408056
66.32675770845073,70.59071230364457,70.70895391440946
61.81257978590959,61.06100762766171,61.784867328758246
28.43920825720697,30.791938619415145,31.297923247483187
98.54816526395186,100.19416728558525,99.1398315868815
31.207885166239397,26.78730419060799,25.990982467595096
96.64164020820152,99.91324944957509,100.60684426668982
23.998740380720427,21.860855641679734,21.1884522222521
77.55563923390199,79.71088173761268,78.84544766896313
61.17504257903811,61.293776704645296,62.2422045804098
32.07234211858915,33.715025890859735,34.61096617614667
22.82537999818987,21.38841230662637,20.661005504364013
94.13086651438596,94.27141049417631,94.78074332194353
27.83151720701986,28.48565121706144,28.097387246147328
51.73223837033973,49.808248452564726,51.49072097756533
21.48108277532672,21.918916764989973,22.83083359360772
88.55463392307466,91.94440522262278,90.0001269564229
28.94723410308078,25.766097791268326,26.327967728637727
87.1513402027846,86.58709833737906,86.42030648824557
29.879323447144728,27.463383149643974,26.543025311526318
73.63777717905957,72.03152741888263,71.72617810519534
22.78152075148812,19.57393295368953,20.245388499499082
33.304469549875044,29.030350307559466,29.49614901908869
92.52112754871492,91.59765787510497,89.75387609249195
14.658901187242265,13.875314665831489,15.165782629100566
39.476519465122266,43.097236842117226,41.12629359733774
22.963562780289124,27.933086998027658,28.082768950430367
71.19064295198297,67.10194473859714,66.06684689057464
41.91197697487483,41.18101797957116,41.05776841543402
36.29915613235016,32.34605001768221,34.79530613886487
74.58513960740112,70.86606730237682,70.10529664739776
15.85107171210628,19.73074448580273,20.30335548143698
25.13881981551528,26.121044304882872,26.42309010241296
49.82214128756728,52.52190774778614,52.71690428502916
40.32885019418827,36.40461756360942,37.031240344106074
87.1102605360033,90.03017095689518,89.60439673515417
27.23402733924488,31.582178247236932,32.05924311447441
19.099817111626123,20.984504325771468,21.11223158546448
25.819580932653217,28.221412947236743,29.24842460033322
96.06672574284012,99.63321959516176,99.84247502678565
95.53474815260738,90.81281948313801,89.97081017405621
9.043322936663836,12.573443539636905,14.311579380782327
35.15932967213196,30.72922434416458,30.909369203834473
29.92694005386805,29.28728631271812,29.725644649917193
73.18902666349936,73.84517767278233,73.57100733185622
14.64671796551607,15.629743922915502,14.145776059819312
45.70335746610964,42.66085461602863,41.03974265068063
12.043912102665631,14.465382530320404,14.527472716529934
15.462741087285004,17.533954990672633,18.179477250094926
56.408292688098896,57.03587323388111,56.33668856334057
61.84947436795589,66.75869329256474,68.03231020925479
51.22674140687484,54.24234520005194,54.16729382162184
11.932602099941573,14.57558987714394,15.071859595442982
15.835299391746684,16.475118275157364,18.75650871973157
41.84452535336269,39.3069706680603,38.464150074157416
61.03995994797057,60.93992411195085,62.33505391503538
20.234771379360296,21.257013553084388,20.662716321386366
101.34162484321418,99.87487358674011,100.0408839456143
17.360772925282404,13.360967657296328,14.52565773000774
64.963493395538,69.4734463988934,71.31108179083327
36.81182107503693,35.137264894558164,35.92513485089845
32.70472689543951,31.046495245041193,31.28429993657484
53.44226335679359,54.15305732928728,53.51607335296739
49.03292953282912,49.135763667728206,49.11164801010713
47.93107814667852,47.632339624451504,48.010572672011584
99.01231464592364,98.24621931887265,97.26444394676197
80.32585078853671,81.10297957842097,81.11407229277967
18.634322036057405,20.11690789950766,19.556814645910592
56.8587679408511,53.05666975301239,53.06704034340975
76.16600608476527,80.02109128729782,80.90873871561213
51.43243692512203,50.27008159675783,50.615910553718734
33.89083742575503,31.205574712799333,30.33584014807156
39.20789453140074,42.833765231349986,43.52078825891415
72.02869880102459,67.06453360194898,67.20348663666381
34.90594501277227,36.18339003958082,36.26219510386386
85.93462002672923,87.4644360899049,88.34106901333966
27.994498901514696,29.18888050512598,31.091831420883338
88.68418776526464,88.26039746679777,87.49192257208057
84.54454934214822,88.93046932514557,89.95392988246357
79.3594602273265,78.47236992193729,77.35925077577679
81.08839452165662,81.66717118720467,81.47330529450286
81.13837199310495,83.74199423804289,83.09531478003055
61.34730357864478,59.85565704719964,59.41522718633495
77.19476235247153,72.75646232344556,72.34151814208438
50.11569863706885,45.572432303020875,45.774914082014796
51.081584539768414,49.38923167005571,49.381753177414524
24.06795260392614,27.396722889381337,29.44135835877262
30.018200940966256,25.933396133054554,26.362628072032198
43.43868498236625,38.8522088132197,37.82935165656784
21.698653257674387,20.914491167893637,20.40968115489853
23.563291418596823,27.324434042916693,27.68492762965871
63.55633839218249,63.252096469108764,62.90537700875844
15.82648271539715,15.447990034168441,14.50913741517195
99.49087957168577,100.04531878165565,99.97911912999513
65.83504073787172,64.90887338583454,64.69992832294915
48.05251551383501,46.83374991897593,45.80596090553942
41.23472557360913,44.180416824163274,45.04514262594789
24.163784188087305,26.235672090331054,26.810647076235455
32.15603246360942,37.00514166861076,36.50933963395234
60.586904961890895,62.253807756303104,62.718406506087774
17.422738129872936,17.67127672869075,17.206658099043537
100.4686208576542,97.5406260100119,98.75171567967871
28.77152146509229,30.13811617452112,30.978122673833692
101.58477976786068,100.00165990134718,99.45025020233125
58.68495204478408,61.25911325155073,61.2065604335093
31.84470291460405,31.53966000829842,31.16541625855993
51.35270694711616,46.31828050731056,46.51306508036464
24.819383971688488,20.821310813853934,20.736319197520924
26.88182298368992,23.4082662938597,24.566298884799217
64.97498420895245,60.71098536789725,61.313889388426176
88.24529961233638,85.85820039293745,86.18988232384794
88.67407703469934,89.41354771531086,91.17466705701936
98.55047769080451,95.8685523291733,95.84377265979165
98.60275057317658,95.38100576754118,94.50927972656596
41.878940273394925,38.56776304955391,38.1179724996317
80.88748627198271,76.88692740417174,76.47760557653669
82.93524557955983,81.09146662210291,82.00526139856352
22.361268366831105,18.044252817245713,18.061583251404834
14.999128928964822,15.660409316495219,14.751414080362725
12.45488556824181,17.497214377363257,17.231801268236666
22.39970337330153,26.02451706108615,26.07258588154004
31.580099391344163,30.698143830107593,30.898084494937006
101.88612762607865,99.8912188130584,100.2898315569193
63.63351620354958,66.26831401782744,66.17267684569872
43.75998689704729,42.33554573019831,41.15731344188926
70.17331336789078,68.3603829245492,66.40490160739822
13.22246573337122,14.540495172061412,13.654105273585314
22.90402803215612,24.129916882654843,23.3076238664707
57.63030653485406,54.47114194585133,54.83112530166685
26.05862512659395,22.175714765576355,22.812552702060838
66.12620229646006,61.325021792415704,60.5980579951599
102.79125693414112,100.19331126171723,101.41563270512826
59.48403932636644,63.8044544817376,63.278658141470004
87.1841170567826,89.19230455765074,88.52428361538995
38.13759273285152,34.736152689324115,35.19889397657664
25.43630000930716,26.61375086594512,27.080763158896076
95.59716488970888,99.99048476182865,100.20600082505358
92.6096690918178,96.63304022112848,95.98518595850244
38.27596352641595,35.96940632390171,36.56742904442475
86.96172806693815,83.51444702322296,84.54769087624554
46.47362878935043,43.97854555118677,44.288257472932656
16.867976593826032,18.037699199762173,18.685010370252222
13.82679453226819,17.08827488486351,17.503056331453113
31.434772393943657,30.232943737357466,29.5441431409916
21.40942438528677,22.795680027288807,22.363424037762055
53.96729434806797,58.673119426060445,58.37127156576972
17.795192532807413,18.881093728707803,19.34867714618139
88.86419127350993,85.5644064466126,86.0179583176518
73.7693076594999,78.18125567141172,79.08211833952805
90.14848197171602,89.45728816910612,89.51024022327269
21.880011872770357,24.32283277977051,24.610341062576243
65.06442788094665,65.89602153310555,64.74931779625572
96.78348758746245,100.22732989800656,100.35558611634865
69.1785288830462,73.55350981850953,72.65468675564992
48.69294289167357,45.453393726661965,45.53107070437744
14.745612974667551,14.670000721416244,14.273729622513825
104.17762358246596,100.08643814313888,99.09924512341479
26.179496990152263,28.577004737331322,27.69597094294443
76.74349402837139,72.46536787517546,72.34079625346767
52.02746244111623,50.79781152913763,50.23978215055932
79.40644727159537,76.51682144587801,76.50427486306153
16.58276260349144,20.536950609540312,21.615881843306106
24.92404681052836,27.887553635283005,28.342287693155413
26.253034032788197,31.228602278541658,31.29954088370996
61.10674008366125,64.98484036026375,65.66820858803726
69.96453559697963,70.92707269686521,69.94325371462784
44.59832175619511,44.730291781241746,44.66730282156258
48.94031584868668,45.21420230592484,45.293603697965594
36.48447119475368,38.54129187629536,38.0926853215317
24.960558061859423,23.69417534521853,23.795959461148485
58.37068246779809,55.192395718344436,55.14185170342879
64.70493618194632,59.8454939010481,59.529755565756304
16.24307200649617,14.752181387879958,14.301692778479206
102.58672849147143,97.88243790858598,98.19064887065218
24.91857679257471,20.69363478145631,21.82006241699165
47.6742650114021,50.74130486812571,51.818445842364255
19.79554631937555,18.550551441800756,19.238244711102947
88.24634551526611,85.91147795138966,84.9271562224833
92.64145889962302,95.15700916049062,94.48602339975997
87.7164284095526,87.61088179309365,86.60530430673433
50.502330540667714,48.47555514807755,47.754196298576815
83.5333506267524,79.58361104247021,79.11412224775523
22.65807750078584,24.749089215974884,24.459952832790403
22.356846022751995,23.501232278518472,23.938499389257625
13.212987305338334,17.53440701899349,17.280130484765014
95.94353547291804,99.96514997611752,100.02002529130193
16.42661879359448,18.381630791071693,17.81505938069079
59.024508573984846,62.7515846496368,61.503649271532076
46.90970445433866,49.249648173748284,48.95200695194743
64.76721528537031,69.0976964468083,69.70814411790955
20.36848928828772,19.350759715909618,19.1000087529922
30.387917222342463,30.521668754891685,30.700552585144298
104.13620831984466,100.07501761308248,101.39308270726544
35.19448874188978,36.82648261719051,36.223683394552175
20.057617559014407,19.992014729774617,19.513229883906128
64.871476020489,63.78506857031213,62.440425144040006
100.11265890603704,97.06656693754059,95.85155277578173
63.67072971085081,59.11041293273877,57.99620281043577
89.94690269718639,86.45053839062925,85.93485516919947
26.251492611311463,28.89960356033062,29.287041668281148
15.030011945171616,18.51095888522289,18.546358749119587
24.055690332487387,24.684981213725596,23.41880485976529
11.924728410735392,16.264379230646547,16.47138289967301
103.09934561058006,99.60662317214874,99.99102222524218
30.466767120763336,32.39631114609627,32.433843889985646
90.20891640633936,85.57005748203511,86.02078435985912
99.07671089517136,100.21323574071258,99.00034837391378
17.13945955820231,18.181935668306274,17.811255671530567
19.346296111078555,14.78438961642015,14.286199661245606
95.70913473180067,99.9925440373502,99.91243584518799
14.03524987180763,18.422275870268905,17.829793355889866
7.735400122850676,10.783835389389921,9.80417552631413
24.80111597806967,27.141348379065423,26.96597153559506
86.61466002124024,90.57690294267775,89.55970139707786
43.80815335775112,39.90115325912228,39.5249297700195
12.280250479622334,15.781244402897435,14.376178464633021
38.49446441180861,39.18226165843023,38.593462918657266
18.60099964344281,20.693370787177834,20.388745368506825
70.62647460971921,70.98830466959654,70.85144677520721
82.63265968225026,87.1859970112477,86.91494738404703
89.9125648915195,88.31053410445546,88.6653774413737
25.45538284015006,25.105595481727082,25.046229411719036
94.97961450121949,95.14495080507481,95.59731221350003
73.05610465753446,77.6083025017013,78.56050607899597
63.46470739352165,63.232909152124094,61.84072920816548
79.44361318886718,77.98681693351602,77.75694009511139
26.102191263315937,25.372000007540837,25.123932323504054
88.33253307108953,86.47374439594503,86.44796922279805
96.26480208363589,96.96290765901351,97.19655782998296
23.64585463935089,18.742320755540497,18.629620515273256
26.022701431457328,21.411128882424983,21.871873614298202
96.32124310266836,100.00877929057799,99.22470879489529
87.38947985050582,84.4651249635716,84.944349648975
36.69688083040292,37.059864064028076,37.1877308778628
21.81436912985786,17.91692623258426,18.018919025976047
91.47820533952634,91.4317432108486,90.98012205283636
54.58499954056736,54.263985062848626,54.35185731183803
82.16272457460867,79.18508101091331,77.455614631384
102.02352776444307,97.58627706240452,96.95260014964627
35.11098523109217,31.991999829618212,32.29881305726999
70.77267472924814,73.40555812586713,73.25118325504172
96.06163877582708,100.38019441978678,101.05736616947011
36.88764594259324,41.36593716779484,43.25131149899542
50.60898100719388,55.15595133439968,55.56925227755532
38.07193367695432,40.41003770376503,38.98002336128957
97.16232894390993,99.97731904734711,99.83499765999741
15.404423955589158,19.76299994896845,18.507020658590317
93.4319330755292,94.18096788865394,94.82660846183391
23.30745914983025,18.811972987416688,18.34455169528037
19.145906252441375,20.43152991581274,20.08832690617705
65.19347564619024,67.73077196268633,67.57423845186322
82.29913271834539,82.85032072504134,82.4209504616637
31.84370597959859,34.02159223871013,35.047920339913546
29.555749407263203,28.07000689748109,27.016833000083736
14.902209796813064,14.80452773591879,14.70645884388131
75.32204958910123,74.15427236871263,73.78730095563614
45.00212903169193,43.039306210109615,42.79225556604785
28.905976297597483,23.972245072655692,23.575588709434378
83.79908650369778,83.06181420847241,83.97745015422043
91.34660656146984,90.98183891198227,91.70876912062693
64.37612259080568,64.35767373509564,63.90662289885924
91.35906357452816,90.2527147864114,89.93084259053303
21.001205019048385,22.359847034811647,22.978281140192625
55.83564324553031,53.371958846065375,53.195584697132084
95.18494358515797,91.44482440953406,90.54674550011838
40.04477646053218,40.58818436367526,39.66859828819168
96.07270348025652,94.79984328941745,94.22745358175554
20.391271249022708,20.01389911331622,21.586820827472263
84.37120259885656,84.38766374177466,84.28903943155025
14.445196485859004,19.537979989525695,18.227214672525417
23.57666469186921,25.488246897983114,25.437834141611738
84.45342088470247,81.99473052619287,81.5261208868175
92.31725402544808,91.48932827115908,90.14128671517793
58.231409679202976,61.65888574053307,61.613425178833715
59.9957614292062,63.48041553051773,63.25089851490232
51.66244282964595,51.034971613376115,50.64668501001179
19.52845873319463,19.230609198024304,18.75591584624829
99.70126963688222,95.11582318840803,95.49227768032826
15.27293095759726,13.301032970436772,13.138253569523236
67.90349668656806,63.550467272886365,63.95157488345353
48.919285107789406,51.69857208173743,52.352563318651484
30.49135224204036,25.50636001032851,27.016723476486696
41.55727501022946,39.165380165765455,38.77457159526987
68.24188006201665,66.0546991950945,65.62040567238158
75.50131324013678,71.70021764605842,70.6828667315262
55.57771410391844,53.92147017833072,51.87438717144977
40.53922955837887,38.983508265919625,39.71880602776127
69.4839087446464,67.62118819539216,67.70696358257321
28.91399578997605,26.75087685714081,26.527316145473478
17.800547368326754,13.46460621711121,12.344356454929926
77.70054560000473,74.61132572719613,75.13265865841349
88.58968852434792,84.82524595711746,84.61791409016756
28.6526037314105,28.34489422718471,28.631987137942097
53.95991739593747,51.64215245880647,51.206417330615
71.22423393843866,72.85807254608397,71.63310761499866
27.636446981482944,24.756400874488975,24.2598951579696
36.89377017108851,33.923475667519966,33.71115388024843
55.314794187910046,56.65188816046519,57.043249089780566
38.42031307377168,34.97981442500013,33.42124157638565
98.90822971532307,100.23381867342074,100.6635242071354
24.904772286825946,29.322468829703396,30.022387697261184
16.378047444237055,20.520053834447353,21.06049353796911
53.04613896686429,57.39977982857088,57.779087121013724
56.81241400899905,53.72706250678977,54.78943378400257
20.67654668429745,24.691147724488108,24.020146947656144
76.3254738267473,79.86570797931014,80.31285614247179
67.76111491625387,69.66306109179423,70.81417941245472
63.77639902042304,64.66663403688642,62.51641203773391
33.15061213113093,32.55062703170148,33.17924264550729
74.18775273042299,76.90338985612132,75.711840129286
64.56753064655057,61.84176905757079,60.92044480464811
26.97814113217876,29.259567116210224,28.71253397241656
99.15311450008276,94.94706097960623,95.17656022394347
25.11506953301604,24.221777120773112,23.978032471587316
85.91369699444436,87.13268707752793,85.9244848719074
85.47319358356228,80.67691918525581,81.01757687203086
19.339046945170736,20.5213297787923,21.76606708563453
90.51014119758572,88.12909617970624,88.42851898469435
80.6221853789808,79.81844750682443,80.48676113812769
25.96636052609243,21.314624810268256,21.302045825829236
37.3709121288184,36.113715381411424,35.94299950360712
22.548104956815884,26.96099721494081,27.27008103312154
67.8021371316817,63.764159854796766,63.327497375067615
104.8441184918374,100.12192174727429,100.66099058901065
100.11048258385443,100.04775558066174,99.04399175873165
32.849642774402334,28.83847951228506,28.91766527714858
43.14559803366786,41.82152471364656,41.64730483149719
63.24381778996983,66.03044518907528,67.9645995722281
89.18337816016397,90.60012074015427,92.0042864163419
68.7480627826615,72.07654088689891,71.92303950217892
25.018680900234735,28.800910514485132,28.77355254192733
78.6827840765896,76.9747172631014,76.5356421289504
28.333534206818054,26.96539074586705,26.28615103993751
50.67200344964212,47.96598881612695,47.6810469651457
86.31990534613382,87.68734592585676,87.02508024067191
92.78546668148668,93.89374740882587,93.40307196893251
71.13264001781046,74.10998227974183,74.99710746949327
60.82683154094634,63.46630814580458,64.04923405268853
27.50604416484735,26.346860809794588,25.3028513775276
25.002331375045813,26.424775921983105,27.046082878692957
73.74477189638051,70.37402407788296,70.98266906803356
23.50881201525706,23.62693708367148,24.469758588100273
92.45894198541885,96.84089910365503,94.78866493867397
79.26712886366747,83.8141639304989,83.04403537755174
30.676192725337103,29.754649995008915,28.296573707989946
24.23689703275556,22.059497782678704,22.66553109592374
26.767583103137728,22.720716943578793,22.853210931407215
102.39563817979251,97.97967046283662,98.47659026302928
73.30129801297505,70.38571213379151,70.14429403065438
35.13258497046218,33.12835332205928,32.12216224105693
39.17878300564996,43.38576025695488,42.17207663707207
18.054063426988435,21.16306243810844,20.978439467862582
29.588212612786315,26.496113063299383,27.305126390017726
59.87598925118012,64.11348581043652,64.35162827986497
94.41759865340347,94.27555549924577,94.1580933237422
98.78368453225131,94.61981526040728,95.19438951414747
24.92524603327908,28.623383936408022,29.703065833382126
95.41905316244645,98.45325207584045,98.3093298351151
50.8239482079666,47.232627225384874,46.965886835485456
70.32716431315117,68.68335545480365,68.73542415601405
12.972806387875677,17.24562806667779,17.723033800322636
87.45129766146775,82.6611598069768,81.00177211410012
94.19740648907803,91.24565535220916,91.33862596342838
82.65658228168333,81.31847376746394,81.17767686141187
70.61375035087663,66.57520881084743,66.89658812901008
29.54185135515861,27.5339676378207,26.53195799938392
42.13935161297355,42.33739406220138,41.67006799186577
35.8693844105164,35.83284714019213,35.637039470947386
97.68575353794606,100.04733888700456,100.54457677805985
95.0467248872642,96.97394769076253,96.7188066164301
24.7922313163696,28.91862174363199,28.73887672553747
87.78890497814308,86.35160214943502,86.72510799865944
72.04243417300472,67.37901303335441,66.95492262425853
90.1027792161914,89.78786308359953,91.53794406635518
46.45982254138492,49.25136672468412,49.845614039291014
53.14478021807683,54.63412509637143,54.24863144004679
74.34615344275416,74.11981645550833,74.35085021624289
79.45366157401605,80.49219295695124,81.8988576144899
64.65715797407256,65.67771145181003,64.73385630079284
82.2964855742914,83.53859734584186,84.57450100624327
44.372807583113016,42.36273118603849,41.74542050238811
30.350245105618992,27.840339807059635,27.551873159740826
44.69771434870157,48.22709030686717,48.33712616329253
54.85599636381794,55.16706845019614,54.13701954575409
16.821042198773984,15.059433502003209,13.489106888236135
55.42219294228735,56.08962561311179,55.78449199636406
34.041581001576574,32.15118062712972,30.924084716779277
26.87223669277673,24.83523720703482,24.98917341403996
36.32499537216752,32.02628898169172,32.07635937872772
102.27900729663388,99.43677055000364,99.37820145412026
69.92674926281863,74.06946581080263,73.69501999792982
43.57704457204419,44.20800969142405,44.91327667466755
60.52531786636782,62.94215945526542,63.26314491070066
82.74922879490066,84.50591056082622,84.70513608478208
58.851799203250806,56.228595716384596,56.465286237478686
41.16013792874959,36.433475912705006,35.56260272683732
25.24218027735144,25.318630985772664,24.452113060055176
28.448999875051825,32.310451545156,32.001411161649585
9.495018459841312,13.912363425478205,13.215796885075642
52.458656595719454,54.1286127757232,52.59491736471673
79.40820448473859,82.05703415285728,81.75163314304315
24.58695363087888,21.9243560572273,21.19223183172557
24.52302153090105,24.66679756908602,24.82027897435769
12.486431028472651,16.362145804227723,16.24185143440483
54.20516116791256,54.76983953217889,53.53341117477047
89.59776902622612,86.79834897381791,88.26059875863473
34.400549648015755,30.573896306709116,29.830605456349044
88.34670682049237,87.89994027248018,87.63815666974911
38.67116559476377,37.01167301262156,36.94406807650639
52.03271143862965,54.56295085007748,54.21285638193302
92.56510429504768,96.27355694878867,94.97907086888476
67.53973062325609,69.83523618684875,69.31819556692275
69.08537626225453,73.55693317437395,74.30387227079656
99.54770629259028,97.19924320614757,96.62079250235838
98.78847464850556,100.15114937604002,100.2618248358586
76.88637472620134,77.2172713119771,78.19024513306718
64.99932646471508,62.80901288416788,64.63336775357577
74.33650116972963,76.99017906337045,77.50744003787764
48.13316751086252,52.97071905959704,52.46512404089446
76.28111775591529,78.60700780380304,78.19733885778795
16.301697163658805,19.96067011631289,18.78434183383774
35.58635720035056,31.945289972391674,31.039288295002358
68.63589202827987,70.36322865059488,69.96255799331612
81.39325538807716,77.71054557493645,77.9437202721624
27.057774121722574,26.50265884842901,26.763008531916952
75.54659571734388,76.13019484609801,75.74339592539904
70.12975618586313,67.89970158669942,65.69690874813197
68.32344533190745,72.57897255248207,73.0993488772157
44.332473425447134,40.97043300146203,39.785754085931615
37.60831022273455,35.1844965259939,33.72457787678914
24.76623982753707,23.57410177710397,25.12494789442217
45.65194786244256,44.82614073203499,45.60712013710457
69.53648522686015,70.81109754082485,69.48661725602565
55.57613724848048,59.44394061229005,58.87503762709979
19.879550319781217,23.92892240852766,22.996376313438894
17.162505572682754,19.526671136240125,19.59156657844413
97.90792473474696,99.99057327755261,99.13090387706994
81.84253693559802,76.76849494631976,75.97316717512534
45.16103671706212,45.49143095151747,45.24429034079678
64.39410240290994,67.07938960907656,66.40487296436065
84.61502064862171,88.65251271304368,88.10752183195498
42.56073701427787,47.36661783569882,48.0682083689718
70.20292644277094,70.14202697222888,69.73218549170221
25.516589431127613,21.209375136906658,21.872641314371627
61.324621973043904,59.76724574326372,60.984791137528916
92.47673132112078,94.6981343508856,96.13473656811313
95.47368958960568,97.94766456059915,98.03772207992861
98.37474695036671,100.0797461586919,100.9463148431095
18.81480784792737,17.615429418573136,17.089110796830003
28.03372693886535,23.762324576996765,23.407406541303367
34.43775553241394,35.904734897792295,37.072140937733984
40.66387644261125,37.00733881915649,37.69921202579012
95.90465540502572,100.11995724692113,99.88554773538596
76.70633731338829,75.6427198559028,77.32983792789051
52.19622769692696,56.30245655442036,55.898785155517515
69.86115378956376,68.75590287210595,69.51474042562458
38.24091213116377,42.55537930796226,42.2365466214188
48.02766368893296,50.868911040921205,51.354343829476264
21.88615673042697,19.09881269454759,18.83993067554297
30.45161227428964,27.65788536956318,27.653599680133453
40.62566332592179,35.62479876590815,36.55490045923385
25.42923446948499,26.739444004546826,27.094401958877146
89.62028315579519,89.67611132879104,90.70695870645496
27.36592863737897,23.183194400867624,24.295796519882348
11.05970226078157,14.995428106882905,14.059320515623801
103.79462693511891,100.03136162978223,99.19096042457998
17.5941077180265,19.452295885499893,18.69689524629861
25.38513753748845,20.87066142889551,20.90107739525339
87.09637230664285,86.75983969610013,87.48353206339998
70.42830947379748,69.76391479867954,69.75003623441988
56.04218789864132,57.96488079160457,59.15637409095365
40.680921287636174,44.753122278359356,45.691342834002505
97.20691032839056,100.15088557698817,101.10970978698357
30.804904657407835,28.635367589200804,29.0750299357404
66.36586533558238,70.01182372539269,69.80337440127076
64.00581970573273,67.19068058076483,66.3221538923799
19.182465323697254,18.12437351707021,18.22586714346397
21.685082931619863,25.686728121404553,24.14167175379092
15.711806473228144,15.847614734873133,13.604272090898096
71.98182534714462,68.80372653343524,69.02548541765145
39.12900336005882,37.91000134030821,38.297196538662966
53.02420595564615,50.62721252634526,49.49960869377083
26.159777399078564,24.461713580675454,24.071105090517857
14.80141857240106,11.141217123306113,11.153269674156618
64.02751922339037,67.14253358975411,66.98953157692651
48.454567235692856,46.90723240900372,45.91966851749767
28.184730117944756,26.215073511073154,24.92610594478747
49.29552924476849,49.035400479829455,48.651698298895575
73.11897838006931,71.17011486730092,70.33312341907921
48.106710074154414,52.20125565121454,52.38708268172162
84.44852124974244,83.8029780585691,84.06557404138749
67.80930483338821,72.51853304557154,72.96468979767374
86.17785530938743,83.23198374537542,84.57769877232592
52.42802370630084,51.88920009182444,51.74959144705103
55.730992338416186,52.06234940187599,51.81664369703036
19.566863342561685,17.992432497635477,16.828204317126556
34.81271035629875,36.34134480473901,36.936269230958935
25.1462733848188,20.264995960980613,21.41072446775908
96.51345674078642,94.70703472085312,95.02078691019786
73.03211267182837,74.61505518838737,75.05712280985222
48.73595630652791,45.19780929840205,44.778984481353554
23.309098661159425,23.978394593026394,24.883520359299574
79.27628714416933,82.44965670312092,81.56847436840496
34.286124924661515,29.59819344575377,28.900534358115102
103.09550466329884,99.99778773195908,100.2513476974144
70.72213513110052,67.7725329104045,66.84754389760461
75.66495736741763,74.32424213463275,73.09150519113469
99.0094657761228,100.09099181748113,100.11056413801005
96.9425972710115,100.10036260099841,100.12450254876809
63.31398961310076,65.15515014714168,66.11919529128963
44.322678616834544,40.96535855284597,42.48054511115563
93.65183970044772,94.42088401866448,94.98164030810831
83.49364497194945,80.00416564698445,80.70406942528486
58.034707768368506,56.821244554446245,57.4415134938891
49.495052794967485,44.66247858407453,44.51979263471029
64.35793606002419,61.06835640292963,62.4285647452396
16.34696390685319,16.24325545933938,16.185300482594702
103.3619144033702,98.99798778106327,99.00692259649824
24.181490485713155,21.159152930970237,21.037802915772435
35.87499086034329,34.540273524846356,34.542732549512934
77.16627456851643,72.32342181282762,71.80425248887848
81.34614941471568,79.57648466197705,78.68417625252893
56.41542496239089,55.174691518525925,55.276410326551606
68.1879837562359,66.1661824349973,67.81176475765825
82.32984647893261,84.14633901315345,83.62776371391266
59.68071162086021,62.30553273503651,64.24583698587543
26.119630577366056,30.878526054788455,31.69009392530687
53.00169913267371,57.14503481404507,57.36166340346384
37.72243886433499,40.80065923525626,39.8053421783552
35.96209242442431,34.430236113714884,35.673085005778624
77.18077076055556,78.04269561457775,77.61637779566976
25.745773068577,26.87157255043155,27.171439616966673
12.251598513056114,14.256099347489851,13.44050615462333
28.35708831775761,31.34719923125924,31.933494931006084
18.622364263645352,20.307961599424267,21.0699737893047
72.34670034000332,68.08877002036263,68.13274150263138
98.32582446511564,99.71864410201545,99.41231621276575
30.49856031050383,30.310851850357974,30.377843520928554
34.94311081087917,38.71366228860734,38.24943271782683
33.36093073144534,31.24206646554091,31.346971464391004
89.70537961351414,92.61708925124357,91.81446706588538
18.76332371336036,19.638386498656985,19.983086099742895
12.07869937348818,16.672179642589526,16.7074170627336
15.512668161918512,17.810216120072198,18.66177539242425
66.53733807179213,64.05818376544923,64.73499513977069
92.51025450892196,96.22111239344886,95.88131842190558
35.70371062494682,37.69271168584987,38.144698736530934
17.590207509202518,17.771690686513843,17.173912953039263
23.717727218153392,23.867886588439564,23.928258304504826
27.548278159483203,29.416034244819198,29.920730198027016
76.29509491089115,77.13588845661056,77.08424239345187
98.65385639130976,100.17002593407105,101.75674934852437
44.86333231471357,43.48312233719634,43.254960713235754
74.54789852621,77.42084092992916,76.5466175583406
24.16158957974525,27.34302242386239,27.59069973852308
99.43158607124516,100.018936552497,98.95604432326972
53.741086462299535,50.12702701846322,52.6089002600762
79.36221138255948,83.84927468955574,84.74353973636885
33.8855435809832,36.35884265912593,36.80219936096865
10.560413583691396,14.773717253509304,14.612656907077524
15.783657028513389,14.609483711998948,14.877965690741789
96.73961314420872,99.40203525334783,100.24037320288353
25.38702067058129,26.845717116988478,27.1036384108729
89.1547992188417,87.2645370073686,89.05910842474086
94.0247693788708,95.19060907222527,95.40182549574762
21.7659765661054,18.23624902413129,17.32681162300508
19.80226270793852,22.1549794114382,21.56166958148373
100.57265156377846,99.9698835084778,99.3153122040077
79.55785113785585,78.33698804203685,78.85299969588189
53.54818316232795,54.17752481402638,54.688520935660655
51.9451782773778,48.712006352566945,48.39336255621315
104.31790803984715,99.87431844087615,99.23589579026756
92.27957718913729,88.64113949231972,87.73772696516394
27.35840973800505,32.36019006616566,32.26503945521283
68.00646884447485,69.99879718564122,69.41603594151826
23.706938089129984,24.37812267301808,24.85892632185482
92.23179809557529,88.30385518298502,87.71949920919587
14.220308725623552,13.810047524328567,14.013393420557495
89.7413505728182,85.43673043320342,86.28372669283699
19.86689113731035,17.228940678833553,16.762973361669477
37.90037747257988,38.98348940216433,39.8551619820435
61.21107063774701,65.6645253114341,65.72172150943179
28.319840684771112,25.98163684280542,24.3130462381724
29.8190640712132,32.61624505645433,31.681450407821
30.674117959835765,26.70115654962035,27.325708598365328
40.72536698994392,38.29649211872074,37.870489869310525
96.43674016430444,100.09641856892502,99.99707633927159
72.97535563050548,71.97559327226969,71.47166314235047
21.011574363232405,16.511213539320295,17.799534943880786
48.0550084051314,49.42875003198378,48.74729672699822
103.05343597548712,100.013557062731,99.36365531302636
53.56180119089266,56.80715923600088,56.56957191966167
16.101634540088497,19.025391452153308,19.594833166611394
102.2716255444524,99.96141423359629,100.23769753046494
44.15803854400826,45.66855957316766,45.63692850506361
55.49426448461473,51.98910041745472,51.91636499615625
26.995521079916035,23.643182266437005,23.062655422171186
26.45833653597892,30.096609927865018,29.1458621986275
13.635841030136302,14.593540544165066,15.423903950453424
19.111014901472075,15.29306891055321,13.415963795687642
88.84695751687705,92.21704067874501,91.6435384772106
64.79631915653499,64.0946504131076,63.34213539011746
27.031483471671045,23.928419109919638,23.955911281696537
85.7112829236848,85.25967794891801,85.05294628596758
98.90037647927292,100.23484288342773,100.14912867396706
46.52862253705713,47.29156749188439,46.91131890632694
95.78256821304844,95.39944648256758,96.81855335387517
77.52949662615892,74.70906094416522,75.57110185649371
62.47059380027192,57.64507699226907,57.27418921177835
95.69580420325288,93.90514667360574,93.81071382060969
59.490529312839584,60.896103254187715,61.08409323012881
34.93555717671563,37.532068567418456,37.672381790360575
35.27049738036914,32.385245723775824,34.669345723175525
102.12333420956426,99.99317938035362,98.7782612869717
46.23852748088532,48.01712239105263,47.55786371384267
29.758337806138517,33.720073271648985,33.33328336340012
84.42771526650449,83.13416976779769,84.11037274995773
75.07313110225728,73.28576937148087,72.29093255549543
98.48463332672766,100.29402301840554,99.73142576037014
25.683708934934398,30.494143325215795,28.758071913402784
41.300292818126735,38.53738846595257,38.189197275698355
27.248064517375447,26.831296486120692,25.839508436421315
91.684334548671,92.94724103722899,92.92923322037156
28.01303440026246,30.993489019408326,31.051218295868885
89.0556604651788,93.40688776263877,94.787373913652
51.02448932073304,50.47117188406088,51.0665690127155
43.69944063906504,44.32693282519114,44.519731075817056
32.7557422988901,29.862276571083626,29.872339312913812
101.59422266015676,98.02345114475085,97.55918594280256
55.79417463241866,57.027482393180755,57.2465924886181
61.28858944037559,59.697594962264475,59.21269250119265
24.87591700085845,27.298355325872244,27.526112139053133
31.427277446242243,32.954966796437375,32.11966680410053
99.5383493964964,94.87174189001092,95.2720788749796
86.39954895833552,81.830879792768,82.02417117661908
42.32741349979987,40.90821193661944,43.50815884892667
13.210638193721037,15.924813984085127,15.279784188629186
54.01786417950275,49.66520558935706,49.037367437232014
89.00074778565566,84.22607131657833,84.3900770753662
83.81067496834757,80.60009534030135,81.3407895917295
37.45745958855817,36.47450548340015,35.7306230600642
75.14079220826855,74.27592587915774,74.6102784113286
27.623162970769755,23.294448042160283,23.700657897318187
12.457919871990985,11.263889398552685,11.228140853388254
57.774111530156446,62.17648057725456,63.22747974111175
60.73671308520446,60.91621442006198,60.74876357663875
24.139065131334604,26.69571203421604,27.253343726806648
64.56216239159501,65.17049648683606,65.2409429602162
32.599480306075776,28.734968895105197,28.789646252187666
20.847452325182232,19.206365910209605,18.210114579180818
28.520531139296704,26.14819415412861,24.606222201857825
26.18712715787396,21.614251690169425,22.30533938671221
96.97514456695318,100.01826742567917,100.12874609335924
96.31728773454562,100.01915152963763,101.66277311643806
61.69424119031897,59.16945481859585,57.85835989430412
19.072663973029385,23.822541138908008,24.572056916919383
82.5398155189508,81.8257311853981,80.76638579516599
80.97460129564524,77.99024120704763,78.20510145751184
50.11589896261704,51.6582859694962,52.15366564243927
98.50118079461124,99.88052726573648,100.20360803835314
87.18889367761793,83.01984310707887,82.59772106698426
49.83812332087799,48.1396294990002,48.786022739415685
85.95100631740519,83.84534228134896,83.995148736117
57.905263044398616,57.083350318756644,56.6988807628826
9.620583401889416,13.041659935742814,12.948350486597558
26.486206650180936,26.99017522351407,26.68775136992581
87.27884884965611,87.96263188013162,87.34019041232425
20.982850617734574,22.0061619522741,20.683162834852993
21.594195111873507,19.720043944045372,20.41216947176997
39.0135530158564,41.737744658735174,40.7157362197756
66.46250158170999,68.1445411326429,67.5173605955134
36.15754945539712,33.41022160188943,33.08405443382019
18.4951220482766,14.442457943491455,14.485500034244668
24.37913036540968,22.743128038660657,23.43527590885519
98.60736479605976,98.67849614467185,98.8642715656728
91.69420387645476,87.89354686533167,87.43476156709394
92.74381659734044,93.66117397610901,94.02674771015705
20.594437762340355,24.198671342496066,24.3276369798812
40.015928690874034,37.68580683288833,39.54916617665433
88.99033038917288,88.59478900716063,87.31033202419965
12.350205663603404,14.398574375573226,14.881441023439333
34.79315763264211,32.43003465086992,33.104446173439186
31.65035010571205,35.12937926344949,34.682536821472645
55.63555972568102,57.499541766557314,57.399739167036984
76.16595503747178,80.65615334322055,80.90901550214657
52.68540205766778,52.07715943553088,51.45314129613038
33.72093702467649,32.21754308070214,31.206489849120494
49.52258606642735,45.635816656532946,46.208428414505725
47.035071600921945,51.708918288852566,50.052488907787
29.46249627951161,32.678717504557085,32.52720867684085
27.446107406299745,28.928344077855556,28.611783460154854
25.202308726390317,22.055084789518926,20.948657649298852
74.96715487250997,74.81879786853324,75.17977008236173
43.695018795788855,40.275519523370704,40.303166885569745
68.9582815526828,65.55941256622408,64.94556367667342
21.95066428149836,21.788212165720147,21.38159732437
57.370118586968886,55.54099230037167,55.040272516089615
35.53493448045758,32.86238529842903,32.64865259680605
75.61633102682269,77.49237672653189,78.65198861368972
43.35838929687262,40.06713564489538,39.55891665861313
41.526869549897526,38.413621629132365,39.00269341046816
69.5495006814958,71.98920296265732,71.93878222295521
29.71320992903933,34.311636004016066,33.261547685632884
37.97993620446313,39.807068500279016,39.93407706036745
69.71901977406088,73.369667180186,73.51065145144958
66.9005637923487,65.24363648074629,64.17066859418324
10.187534237395584,14.500631049269138,14.277157222505584
30.22211440630871,30.798065986827222,33.26114166373907
38.00154783330163,40.88291344976327,43.340881340276276
27.01278435129664,31.202323057858692,31.29152287545226
66.19542708587386,66.0031695017829,65.84930836236714
78.32108214235198,78.42781577676286,79.04525665433638
98.25926687359,99.31073140273027,99.43244383806834
73.38729926704494,69.99760577933776,68.64538657124243
72.1394922930945,76.42300026786529,78.10370122863273
43.37249587473249,44.86465003295859,44.63016936583958
75.20317497431775,73.39135008172661,72.35199149422209
93.78701940077514,96.99353805019686,97.40331973954626
93.8315405100571,94.76528684499286,94.70859961886715
92.55417017072892,90.55782298606084,90.71344140862689
22.913560426161048,21.25901716062461,22.759258403103715
52.51305708639503,52.89187924549135,52.113452701274916
40.6812142537149,42.62592592675511,42.41903140339115
14.37666072396214,18.66914896927436,18.813008570307417
31.74736958481704,33.987334932686096,34.59272298285807
50.72202217133605,46.58406570314554,47.000251432046696
45.35284898534389,42.81186658853824,41.15077095851935
45.108930087114814,40.61161986446681,39.89267813977485
83.01623714592749,86.65637378469957,86.6609904756489
78.3110079603554,75.3215299486997,75.11741991591151
63.1282994323451,58.89527640840066,57.94297514097818
83.02474720115484,82.97184074978327,83.00637415250529
21.399446089100444,17.57760212763106,18.219435540141912
46.99430951124731,49.91802833655624,51.11277465663177
88.93311638388252,92.62013902281369,92.36276423377352
42.53426258734743,38.85726223856444,40.005994823262164
15.240952580880574,15.015375742218197,15.147631380836309
25.765154734617877,20.88386469688554,21.133252481712653
38.731748087113225,34.434738509920145,34.53468489871882
32.54828464403432,30.862555450126113,30.868206017752232
73.95027557781134,71.72369263007518,70.11702370883367
18.85462846746717,14.543861066620579,14.189973443247537
12.428232120028536,16.472339041515824,16.600552762515676
98.58362535657828,100.05655641525604,100.73597868032452
29.99578283639766,30.368670368702663,29.850686762498125
48.28752233700338,52.97572711044235,52.788732192285714
13.677879479098843,16.375442520479467,16.400353203119142
54.72135511460762,59.341589222631114,58.253011153489425
25.516821315408272,24.07485788591286,25.400236583108853
89.31423228974371,90.890854869317,89.9311038970535
63.7551792118131,63.91011701102063,64.3709643861804
72.66101745864027,73.8512596819348,73.9860006893825
98.42785022679683,95.36637900512034,95.65435643677951
38.880313204608704,36.8670348435447,36.80704716817059
15.6641233446797,19.515499574004394,19.591162474505236
15.772322425751868,20.437014066999787,20.636272166525135
66.05542714758316,65.40164115470255,64.66201715156167
65.54455396252992,61.43351285303623,62.11394686428424
29.748858037409228,29.210174092961175,29.134296699355435
59.25790707697634,58.35385892659438,57.5172489961512
82.37469205115688,79.76652854971982,79.84100971425687
24.74815518913293,21.537823798374614,21.001823180272982
22.610857796321085,25.952882417533495,25.390382308021387
52.98422758257799,52.69432605934885,53.29076952517361
17.43838604399217,19.871617635795182,19.34990144930428
69.75299639775434,68.40887451410222,67.54313881274787
38.23303145130322,42.92976569456416,42.16165043623717
55.59140928606716,55.10354103101557,55.804158404920926
100.1144462181279,95.99325552169869,96.00687372280419
66.08149042245853,69.79379461370053,70.0261841658834
63.54976106061682,59.66903645721177,58.95381725429908
25.649168209252508,28.991097428793672,29.330527089006047
16.68011584500036,17.6423371030385,17.693612135082105
97.94428861860384,99.91451236719804,101.27887784306607
85.99591512905464,82.67104208142632,82.43452434371058
24.96068563115704,26.926061012490408,27.362216921769022
64.13678294554722,68.53137605179053,68.98968054927623
14.065068950471872,18.609745857431385,17.660143409569
76.46249272085988,76.55789354462529,74.96580105125884
28.85505573490439,25.197744946224148,24.036165694421303
18.32514976210375,18.757680600432295,19.8867600091851
62.30038742502641,57.76751224037298,57.64287583113979
65.6921659065864,67.09128818219628,66.31196572073195
44.66930780446434,47.26262854512636,47.57433667126029
50.02796959679444,47.76502628419822,47.88028575674867
98.02336096785405,93.66499938417704,94.43814534963609
59.22532380911477,63.65299937846771,63.440540215403246
88.45484649613202,88.45134576232596,88.6684090198386
81.67390605821971,77.20326773732992,75.68112520581641
27.27673109069346,31.16263850297752,30.78070482899272
62.16414042950788,66.19598973457583,66.62823985827055
13.784706626425926,12.857720582615912,14.426644626482688
14.771507884476833,16.63374648922374,18.56561203997797
102.50260794087316,100.03042377442398,100.70727319301527
20.53489373773681,22.053705402436307,22.040057388673368
30.11336968431084,33.43727436385038,33.273641468050165
34.591500562385505,30.48395939643973,30.684007926291294
62.49514252422762,59.572570044637196,60.24951703020056
20.821629958530888,17.570949792840345,17.992100211415202
91.27307128020388,90.64197386309385,90.88392447156501
16.946544958117045,16.814192324897363,17.57091904362858
20.49461326081705,15.736593601441527,15.945373602809406
95.9693963172836,94.48706662948835,95.19680633280358
32.247480073666075,34.64703286620687,34.20040023097413
25.501290549424454,24.087342370835998,24.21317585117833
25.32060586405717,30.195209842378627,30.28702874566466
62.28764003941648,64.00706444867177,63.50601823986945
32.606976365171256,29.84580790635958,28.519390172123536
66.25995355016582,63.02620894653833,63.28132816315966
20.1955119424952,22.159579655156886,21.370988895859103
74.87551114395126,73.29339508801937,73.07947134990938
19.27141399956624,16.427189485354333,16.872712590123136
84.69777950468598,87.7022212889463,88.62647572675576
90.48209960850848,90.81492705153504,90.12104908797859
51.67737442186218,49.862213389743815,51.983376870995535
92.37770310934444,92.8994499532821,93.33821983891696
22.442752094140918,24.344306627445924,24.2054974980619
85.80777427539059,86.79343107843602,86.7718695526939
76.96941092865325,77.88964882473718,78.06822858128123
81.54786959230887,85.12298904198924,83.2186086877899
15.776870772370971,12.807715806929686,14.077826355157088
85.7128525754562,89.5261286987546,89.50747450787168
44.64807483929295,43.31853190363674,43.36804796238536
60.67442618825288,62.8135481583644,62.91424923065915
16.79399912014936,21.48010304233202,21.52269267805116
13.418446244249676,16.59085287321738,16.773891257756045
103.17000316769074,100.2436568874185,100.23092540438952
90.5148299450813,90.82417539999491,89.75659558768326
37.35610156625136,33.193096595481315,31.965957977479366
26.62663084474492,22.032841852680804,21.974030388336637
42.33046801394206,45.4828036193755,45.86231117624515
40.56428245889001,42.5183019398445,42.521083541136086
73.27216190676792,75.61201437225671,75.96962724171966
51.2025502425691,46.1643725277821,46.48890646064885
81.60244837116835,76.93311341598519,75.13920324085672
69.818295629113,67.68011072544861,66.79138394079337
100.473046039905,100.110243183888,100.27382715065549
71.66115981431886,72.8407271690765,72.15098561793825
19.605766873381345,18.37855213510432,19.210351491630544
57.77058774911519,56.04488536978038,56.57839841688161
65.63581236243922,60.72671490659687,61.67957570635306
36.449534085240245,37.039299561187114,35.97544850334364
80.7148787140682,76.29127661023843,77.15706955070112
45.206077354932674,43.86791633666999,44.54950246529395
72.63682340917468,76.20048121931683,77.49959354470056
83.43911073259481,81.44193380375233,80.10131703244856
90.62317500814233,94.72644709454238,95.09635098519138
78.52508260994425,76.77922332414671,77.23175780987555
43.97178069737523,47.02751961308134,46.67698907241709
13.068160250120046,16.276015322551302,16.821318362142037
96.15605610611512,99.97756307263084,100.54371945996876
66.25816554888843,62.11010013525799,64.41570839885478
25.2967511926938,25.51683969065091,25.566220847768218
86.54116022951392,84.1196979106754,84.07105923118446
11.528224836484496,13.519426312178318,13.614833341980564
40.06270603107858,41.81454826548267,40.19028807658282
32.95428200107634,31.268663095128918,31.31542241581555
14.687900976126986,17.791025281060477,19.04508796311688
81.7415906934673,83.96695706563176,84.12005479551426
76.85600028481021,74.0999347193286,72.98377980769858
70.14754966673443,67.52257764884213,66.1858366391208
24.80470682460206,24.36425429883615,24.089536598006998
30.605340191901146,28.889922164748672,28.747193823120853
53.04480192349905,48.33948357846706,47.443514438878594
62.7539348178608,61.05713927354811,61.33287308207828
62.860553015829154,58.0790546516685,57.48347252187912
24.09862530612688,26.732947791550178,27.03554336987109
25.555099267527424,26.321003705807637,27.54606563151675
22.232832691708204,17.788901736633463,18.878163192481043
94.33852325532794,95.76839796613551,96.39646417302927
95.09061116594386,93.7135472487995,93.74481805712242
16.906936330210318,18.072706744820145,15.922642813561286
13.276044999100332,16.703644046043536,17.859449578440707
73.14368230174826,75.56555160356933,75.73847426992823
22.51404641554813,24.865395276421186,24.48826155575919
70.57820112427439,74.664572833224,74.06979606774648
93.53026385071593,88.91833403185973,87.96024820959798
55.80956962184596,58.266281010171774,57.164568346072585
53.42137176305238,50.56938586162493,51.845910546917274
102.45842540737551,100.00409368659047,99.56694112960939
49.9761509986915,51.862467978491345,52.3045901366531
52.2240257246196,56.906985249502654,56.94153784929236
95.25859366406672,92.69535885156141,91.89477379147904
70.28646687908571,72.78563155394167,71.93784501062771
23.431065170064528,22.413374195830716,22.494717614611233
85.0935451562116,87.08820426428666,86.32539436637477
42.365727243404855,38.24212511646472,38.66131256297705
60.41360112347105,63.5641148689878,62.20894695167061
27.6158986445556,29.658192010539345,28.941084749297453
81.10862045503316,80.93038499584387,80.9153010111794
63.50361533587907,64.70489713268911,64.13428770711108
61.3216268468773,63.14068164634132,63.75176797158744
21.94363150255193,17.59634652606696,17.94257047421044
87.65950690886997,89.27020421477417,89.11525915346446
60.22400128051076,62.09347354370547,62.43585162544403
79.11730367111515,77.42028064118689,76.94066941277478
26.979204396093916,24.77490371969257,23.861602933840427
58.07943620490981,57.80515894668357,57.192403344243466
50.9812899450704,46.08968234570771,45.424314753990814
56.78481369815555,53.401930455864054,53.530477241800526
17.777271988739656,18.618682149681533,16.763022431682476
30.4045716106331,26.496221422492415,26.838634870188375
50.47963552198151,54.89029486190683,54.13518231987415
13.058232162908082,14.55661722141916,14.37492512092905
38.78551137455579,40.05280039785126,39.71720154920587
88.69731282985234,90.1059594240861,89.97771615315487
65.72839754977377,66.41557732104422,65.80312342880488
75.86140247714232,74.04179903274186,74.20573757389806
25.814318058686343,30.251733995664924,29.125951563199916
14.19459172844469,11.916689521374487,13.460452886780583
100.51826089119103,99.79081338509522,99.40191891562107
38.808472178890014,43.44659397269285,42.90835342186702
12.5726360785143,15.56013961368263,15.713680133807038
19.735678657048467,21.088703417082556,20.808940682771322
12.778044688984696,17.288960466797498,18.120962357607056
27.575497561476347,31.973862134930314,30.21983666226661
40.03193882022062,38.62324162554126,38.86004893468111
72.97644962745753,72.31268917556656,72.55297175432642
82.22761060760587,82.85706415752395,83.58431118903971
76.74730273213753,72.56974850902475,72.63478568218247
17.7765997160582,19.93105900973515,20.10225876114814
31.58011509608982,33.424577644472095,32.88915907179055
91.10226504127488,87.19300373078822,87.9937898056201
23.13698998560523,23.489000779381374,24.493194588734944
36.94247252325036,39.14627856540131,39.05239272117459
30.6924151868103,31.317676193933785,31.453241370569135
33.35356944832603,34.33454252331939,33.3725596261004
21.94413519085624,20.877833037548115,21.223083787305022
102.68913823918982,99.79190709362726,99.52705460916563
90.76804403060258,91.94493282855801,89.70703664840852
27.44494992075921,25.457896197452925,26.045080725204453
47.35327267047526,44.292708044013814,45.10553674414417
29.723471832693047,33.488493352423006,33.007476014871855
96.21464770907129,100.13532838315896,100.3618468046884
19.17604917828914,20.934306255265675,20.663297217557794
58.374588463916375,61.82846665593459,61.2488978916017
95.69729762612002,97.485966745171,98.02866492058754
50.04754884423959,54.62058778790913,54.20991125175617
15.910976773070807,17.382063726902153,17.559514264898684
24.32339939292712,29.579535122704794,30.213450144200806
60.14659188432028,60.682193020349935,60.806006629796094
100.92350328593362,99.91140557150888,99.57526016814465
72.016625877623,67.65188963848622,67.36418872066923
24.057187963067136,20.701452094455526,21.045366864071813
42.78282667448438,39.84880002953623,41.38139687660228
56.65871464933196,58.74350507737942,58.13220626708731
85.47632423618799,83.55907167017422,84.12800400733904
21.318427992997066,25.14666609144226,24.614627744441247
61.43388407565339,58.12222611394378,58.202105422414526
31.374454730100595,34.376756066569776,33.88062936829502
24.81124571687688,28.818087007725445,29.095385408979258
88.86859799400177,93.72500284946864,94.0251836414338
61.067457737088006,60.49745881771988,60.35342344446999
36.75311955189916,37.18396095633656,38.19138619586361
16.87878685935021,19.31538119120443,18.827239837035357
26.728682419509653,25.33910776128567,25.721870720143837
15.268185063531726,20.02424767237747,20.12479050722009
18.69755082212432,19.0616843281923,19.84134288642713
64.0356230394815,68.3846254348943,68.73314607780526
22.750603912022164,20.78264654148675,20.745348220282928
78.50302914329205,73.93947422155476,73.26102457887096
95.75977842448702,94.24324397660683,94.88263745629844
26.0202870358523,28.47330206851135,29.526388954502536
34.71229829130437,33.89431963531185,34.581080419990315
67.81809220866663,69.01291383156962,69.34162654893294
27.413298837520674,28.714733573960693,28.75958665932229
47.26380521031818,49.171310775601256,48.45348001271674
17.4540536883553,18.384292284335828,18.10076277679743
90.31234574621702,89.17721104034061,88.61627143970598
27.03852566845073,25.061966570188524,25.341394928714394
25.86778217637834,28.998170872027398,28.585371037231777
34.58444732527474,32.56149175683295,33.68009439994727
41.85496287116385,44.474460823695054,44.441033384296446
89.50305018673716,93.8271270573577,94.0469200031658
26.768367960354396,24.900594455878775,23.593677615125152
36.0055705761003,40.70080904527214,41.206602393889376
43.18905683734943,39.82449941909388,39.64513566460819
83.6675656972444,82.00931867643433,81.44734291464707
33.13175739060293,32.41354812237293,33.55185005180326
75.31263380743155,79.88766875139717,80.07129678152774
33.91107033384053,37.271310469767684,36.73478023516297
78.5835036076804,74.56303587867069,75.57278168432991
36.62940406625202,31.7288510641543,31.90068883367381
61.72461244886985,59.75529796732587,60.904164834606384
81.59807351816309,78.94002218608512,78.76401617093657
66.0070579884374,62.59839887952121,63.63681041281396
33.47859878593597,31.61732829653729,30.090833021563835
22.0848862413288,19.67389022714461,20.592026544210395
45.708770185054505,45.27383255281913,45.13474412779845
67.92699327729758,65.6435745664717,64.16748118981343
71.11152353827013,68.82604341384143,69.37086270988593
24.62495824587312,23.5600503141644,23.239670899260005
17.799121370826352,16.008539907668712,17.02608204337729
30.58737536363157,33.32708143950863,32.577919473806745
65.62066217684809,67.94803996314481,68.12311850713427
34.617354563656164,32.98371976018241,33.13442028623893
77.67159531518324,76.05198986590305,77.33744383414452
63.546915204714864,65.28473017355836,66.34513939897502
50.10029816412077,45.79274224052509,45.225523822651546
35.20158664058944,31.750072594098757,31.963813974048595
57.94535449374348,56.92877493699024,56.23375975958318
39.44384360461893,42.991568833695894,41.68126084687612
19.26286139334877,20.937641901333855,20.563778723712886
32.270406539705824,27.485592476063427,28.389138833525852
80.59695214556858,79.14859270973304,78.68453354437617
38.14561398341916,43.069536087352006,41.182691198561116
36.01371767252737,34.03347238925038,34.983914004514105
68.05815559466646,63.98523790462261,63.72015960074119
83.31225115999587,78.3529986436238,79.4524511764318
86.64976647926433,91.46669880709001,90.12767985675164
72.8133972584893,74.08911763052352,73.79108011123085
15.525905243985031,16.664458740132318,17.55213968124813
13.177259304674864,16.547354903281523,17.89712518418965
23.01493863443578,25.83416541923753,25.029547215033222
24.03945711699964,19.199589129166917,18.682251825337975
97.70746200819444,95.83428981772738,95.07989976783277
34.40110524777449,35.19385754779758,35.77904288396085
55.33444833611055,52.43110932804724,52.341144771483734
18.63935310105369,15.994576782022797,15.590253618827504
74.03816869052366,72.23484801947404,71.75657278877617
38.89645608609609,36.90771051297951,35.84369442507605
27.72492461336687,26.13990693987528,26.45654715993744
27.461649303599323,26.78138881407738,28.28134016301015
23.11650078025351,24.586024914281403,25.628700742177813
80.86054675821674,83.20256890327697,84.62554774465438
79.08578209547098,82.49112173034273,82.23964448115859
22.937180225362415,20.42150954659182,20.101913542119423
11.682213104316247,16.701621031691097,16.74719496125354
70.6313746202627,67.45027091586854,67.74226592923725
58.16792888486863,57.365744448890126,57.00353838720507
90.5686349598846,89.36443593292063,90.55775780239351
29.621239398978823,25.65111665239858,26.795265827421726
23.84588135710161,21.90712061143687,21.430061161872413
21.422628305840316,17.930937004663186,16.851108789605263
100.00280487174406,97.19122315657019,96.85079439027237
64.71629042107118,61.98852757268543,62.08348987684205
35.18983566953919,38.86289940485823,40.51576174418781
96.21618986363242,100.13254863094369,99.99568146384713
34.83176893128575,31.848974974779292,32.84099372391387
21.579726091508903,19.94219645291301,20.712671336783846
21.559925101741378,23.90827062294689,23.211434377967688
47.006216167136856,45.58816543988704,45.0953046846615
82.31341717173576,83.77475126498383,82.8359714263603
32.701349854217995,31.81603111320633,31.761494358580112
53.95099011237492,57.56818009450087,56.645421555657606
63.1251205458092,63.668416605064266,65.26837996646759
23.45878566269422,23.427106793921,23.588427144866206
19.88664555317054,16.393459882999302,16.394902390031355
27.876233262550294,30.080400443458192,28.930273435253525
59.09035006009061,55.900980276196506,56.08644906980794
92.31580998413082,91.04911169619507,90.56819002479742
87.3857714366191,82.7410819094521,81.45401988742525
81.3077345792118,79.7831456004354,79.20980623091167
48.48683364646983,47.81492336205396,47.32604408019887
16.651989128783303,20.22121245470467,20.90684786391756
80.76779864968177,82.94550463987608,82.46473807410919
27.04950830305924,31.643959755216343,30.84819099508441
19.365703943854367,17.665368872682244,17.977517039213005
17.044435531609746,21.303493709346114,20.731061075126625
23.382489780376623,19.876619764978564,21.019414364277814
64.01018341565194,63.23812631579745,61.848010933309205
50.13521575735098,54.36944731187972,54.2441675617953
28.147404720674334,29.0691413056439,29.76984855696745
18.98142627601547,20.33042784205155,21.06661165290333
73.50700715580912,76.21843414182952,76.63698670352656
23.897314255774862,20.419315217562257,21.07982387744463
13.902491397829484,15.64363353044478,15.794172795963673
77.8486748115309,80.40643606846145,80.69210067221087
27.64185213203747,23.944396270199316,23.365381803872395
20.29470932136305,21.254886060053366,20.79907142811653
69.75134076849616,71.30595812106442,71.80823841715795
68.74055042283162,64.07526019433709,64.85425562029215
92.41860639757722,96.28458362883276,95.85419261205534
83.05296356623201,81.20952063945919,81.40202066145633
52.68079092357564,48.56103853466492,47.62327493393981
52.810168257048346,48.8488371521149,47.68578749219835
54.50017635364151,50.854491298340314,50.345681229598384
93.08675735135826,96.75487133044405,95.98864396813613
74.06429035041386,71.94208982358653,72.59495949297296
79.33402221213665,78.07560571465795,79.09352558580078
85.74176079749988,83.82315603055457,83.84988620504424
81.33858710411081,77.93376476851394,78.46607756490124
28.357691636976867,27.197320494647037,27.77936750425005
24.16481807944245,26.90025400042016,27.314268411798334
45.19143684765497,48.72866590751634,48.052797155884434
48.14755214373699,45.56813479810111,46.02904333758734
86.0967019158035,87.39658113416854,87.50289592406439
45.74775192390971,49.28978888204453,49.812403857539906
25.464017763138543,28.794093050741427,28.313576131290088
90.16417690460418,86.41130876348814,85.91774955459567
55.69610446535663,58.803460606621414,58.63877350334825
26.579054118864864,28.92293228596425,29.152311266532934
43.00109352555055,43.215177206898346,41.072839366852975
40.69771874401619,43.74021209142713,43.82732537100299
53.36172598209984,56.250687226248616,55.42385438466635
25.480833098655683,27.901508311488957,28.764137168450276
86.40388685598266,82.89375171787862,82.72455174875208
22.540495805104563,22.683940424956624,22.540730131366963
98.26952207985292,100.02207627770582,100.99238867943107
102.46531019994516,100.02209194070377,99.02316506531061
24.95832388295663,26.098106122019928,26.12309198646851
55.958380109006505,58.76764038368073,57.804405050243275
87.88104013420808,92.03408225602054,90.72116275749262
34.88525167235342,33.59413979016432,32.79048742955252
25.561319069450917,25.031247037632898,23.935010694061603
21.75703483807797,21.850546539339778,21.36759163636087
12.981162147335745,15.458482899964132,16.36090483548641
15.960999569907624,20.375837388017516,21.12181779322087
53.62262449534734,49.618440444828416,48.96580527093952
70.92671441686524,68.51692477567542,68.02263932487702
80.59969297345188,77.65816617154024,78.68200468595123
35.01906796262313,31.483430617878394,33.01879587129457
21.610430556257437,23.069148127535126,23.657350847409216
16.670110540999573,18.94515417888873,19.54198371296304
23.6164492683251,21.928433047096743,22.06798470454205
74.47555805203288,77.85061183150604,79.47301529343926
11.60591859205626,13.555981030091388,13.510753772497226
16.055694116071596,14.123751024308405,14.00936200757969
78.194784162134,75.06065079141162,75.30199673391178
23.462194352477347,24.8232007977806,24.310576796242138
98.38513688770658,100.20584464903075,100.67403165306399
100.17029118404496,99.00740607871846,98.86054097361935
97.2679669620899,92.78333325158596,93.26566054933055
31.58315229670865,27.657464880049496,25.983798352451966
72.27587489874865,67.56683637329148,65.71365510956679
95.37444418867877,96.80376867692554,96.45624322628261
37.005887687876445,36.83952262956704,36.4490246775674
12.786256021787931,13.834641934232693,14.943201155675125
26.79479738910293,30.172572063216723,30.07479998800753
95.5574046634463,100.24200775653517,100.5142956321343
85.11149600063511,81.8779891035612,81.946834550049
88.20517854793191,88.93190303958167,87.33269609694631
43.82528837095331,45.32940077755739,44.82105187907323
80.06194785911381,82.30774316512168,80.22551658829329
24.194538838753157,19.69546745282028,19.45264132470742
94.11985040597142,96.93085397926956,96.14085693241928
46.54181371051513,43.451963196305016,43.456496967677616
20.98051904728461,24.792236341632833,24.64820706486246
98.7958704880147,99.63049171783254,99.52202172400736
17.09107904838922,20.186663445953236,19.834696173086332
52.58818124760533,54.45742504775942,53.88010922071288
84.50800837208666,81.8622568601946,79.92095450594667
25.72237651721901,27.8724880026106,27.1681086787848
59.61444817490568,60.31302921780981,60.72084379044763
60.57241663648941,61.247970052183376,62.10192648892341
36.67236400176785,34.01121670403037,33.51633099112775
31.858246632604363,36.13897647618691,36.164660694961505
91.0373177035673,87.923127144257,87.50821888958154
29.81946895091468,28.268565476742197,29.42541748029817
24.08473884589851,20.5911323151106,21.005788672586977
94.19239273431768,91.83099059447748,90.57401344794516
32.7585880155058,30.233932230132663,29.97553718569845
45.962525884838016,49.09672440062373,48.31627828960426
69.67919050946493,67.2799568711599,66.13091128634302
39.83421964954699,37.49808563963458,37.96370048774694
54.83840722105306,55.69082162093927,55.56527602388635
75.57075407829447,76.87538929665449,77.91784508488539
16.841382313816283,20.71142135818021,21.01027699261597
36.03291023914423,35.299102311052586,35.67233653879527
16.73788705545899,17.351199874594073,18.434952735060378
86.68387619985776,86.31381928720435,88.01512973126859
23.457027037817586,23.14634463339056,22.6049033135521
13.758488503984514,17.5487188779572,18.659287727780875
35.42374107482999,31.53235691285583,32.316417216052855
84.27533995965976,86.35254664162892,85.59491219556698
96.58350122388391,99.88555160287882,99.22632816629189
35.40781939154115,34.031418317835445,36.02705537290222
19.61849213622332,17.107615078790857,17.968881159553938
101.53176366835513,100.15908684229107,99.59014322366707
79.27390134852084,76.77793279522675,75.39817782617436
100.86958435153872,99.79843812969452,101.1284093275745
89.69807288783205,88.45730607933113,88.43009169760516
26.238023034480506,27.812030142891572,28.03116140128883
84.11638988194667,83.29105966305573,83.91968001652705
30.62141678245065,32.46770371104632,32.77794793539024
73.40648767065257,70.50177151476056,70.32780123704364
37.788991039076905,39.73451876222969,38.97944720922417
98.02792817290882,100.04946305962633,100.10427146417491
28.29915138330849,29.96785236106183,28.74610787941625
82.20498051241927,85.28974781313164,84.72964462890103
22.08798842835963,20.89992764912042,20.404315839108992
82.96823776418042,85.28622199085171,84.32425242277161
60.87516586474422,62.67622439058775,63.836695709949936
72.77112302655348,70.3976204247149,70.84192655834518
55.46965499126206,60.15699209561777,59.64563502220945
32.57711529780428,37.32724362246731,37.39080239864907
67.41121684654762,64.15348795412595,63.49206060406586
38.69347376872089,37.65784441612037,37.72106019327028
91.86161307384168,94.23770699717673,95.38665600642835
96.43346016622132,97.19175824468049,97.83038251769696
46.42254982147119,49.03144422273344,48.83240670700385
65.44108116754394,69.02913699549958,68.7671118978396
84.00761008170396,88.30291413995593,88.16838151684506
15.82299481290447,18.23266912695624,18.04007055239825
33.89062424807045,32.97155790116055,34.3721298046557
91.5882504133649,91.97331610842807,91.01510651738928
27.677378015868204,24.945617117352388,25.029654230834456
44.387067555503975,47.54005933452585,47.76041222245204
71.41311811291288,72.91076969641232,71.52912343846516
32.9388081767092,36.99673489582979,37.6486720260895
26.50550951040483,29.99719428561202,29.120371244101026
59.81148611028543,55.91761294057038,56.50343973389087
89.43137246162607,90.06428048284766,90.42257859948903
18.192417420360364,16.648180807349632,17.588254130724728
74.18542558197892,71.09846303760625,71.45312319950705
92.87632906863384,88.68894797705885,87.41933771988762
89.65195353721782,91.451151484071,90.4669004668464
75.4335273815806,75.64971511003522,75.71683414024812
83.21037812717026,79.06751025249586,79.29122698110082
100.0208615518111,100.02703416420181,99.5885738846409
62.76854349746672,61.086725854734446,62.47925663956917
22.91876620613106,19.35229341647829,19.337152342289983
38.51067517445406,37.80962456144637,37.42314883791619
20.692571757825963,19.70342622257472,19.20283502012428
12.024769413544234,13.14530906830592,14.078211408858465
19.59616799177631,14.798110572463415,14.110837612208545
32.24778325529722,28.951928035604826,28.8719154129876
39.38962400647205,43.02150575607325,42.20681902690734
51.7075823906077,51.675818170201,52.255410133179595
67.21672011012292,66.69407979355891,65.62106825475402
53.38157428999098,51.13839503413792,51.5444399663261
24.068726505597954,27.542757653827692,27.150282947358615
22.559300798650053,25.50253771747757,25.095599754778696
27.377109391057708,27.572071400930778,26.85276795027474
69.45634883125707,70.88901163327901,70.97660013734021
31.26771370747752,30.994215507971276,31.206416201224933
34.82174779091868,33.09824421874379,34.61410620278978
45.373708508100165,41.97638146458987,42.26896805419469
102.3446056452524,97.76893572546967,98.93760433426513
70.78118787150684,74.142397499445,72.91255643732121
104.02469503771016,99.8742930017682,99.28581663519495
51.79504502968841,55.44060835807628,54.93452697536799
76.34242897400549,76.37828464472128,77.08401440647978
90.76886791364298,90.51606694035179,89.97362427532049
83.37065906555169,84.7758592470004,83.26220460957184
96.6318025489891,98.26168966112672,98.09734907551548
14.97497782157468,14.476429517193196,14.52335293448022
36.62337432812472,39.74372926638581,39.98369940548306
70.60249242886637,70.51869547835642,70.14167296237964
32.11402416490768,32.73631021795751,32.857431959816715
21.902533971831392,19.84050609202717,20.830313239539024
103.06586907642904,99.95105314574779,99.19199633199567
60.189980146395385,62.77513045426266,62.62741475150194
15.50881046995563,18.876995521276633,19.35481812341996
60.20119937747073,59.69750623515971,58.62924089908392
96.73867575688293,95.54347290844736,96.5265344325583
89.87917634032722,94.12919867210545,93.72787309895718
65.2313154614842,64.63929002408598,65.09982119768608
89.4934154468581,84.98247399517051,86.02272253578887
28.82930603240849,28.05736870409436,27.620257845619022
66.05913501361444,65.80338364663812,66.20552036795242
18.261931062883768,15.624027600217254,14.646311048295301
40.40318275366975,40.89487755814793,41.88041157535772
42.39838530569242,38.676313908763376,39.20782712445327
69.11575085246213,71.92946160612733,71.46563342437562
21.223472025342893,21.770224122592417,21.692181083041696
25.15314081082891,20.25153126813578,21.121687274861458
19.66096079871329,16.018852571016005,16.836129944518362
35.447275242617465,31.46479657215713,32.15167173986191
57.12830953648022,55.17871694650045,55.17897512960939
62.33238631671774,67.30515415132595,66.19792902369767
103.35509927879473,100.17202470534413,100.31157539130469
95.29329518404036,93.50286628276245,94.5388220837856
15.231244152639364,18.142387825904585,17.666906899346024
93.96952972734572,93.54159504684387,93.18864721313872
40.00044653591419,37.319191835061,36.80106628600107
26.431282237490294,25.71685684641764,25.810802641156766
99.53782348799162,94.98500496167463,95.49479994164157
95.53279634096928,100.09719685690646,99.65399048438947
102.8770801136042,100.06962739465827,101.29008795671389
71.16250179484298,68.19248102901977,68.0798237069869
26.3000212119724,24.627092047714704,24.26639487848756
79.73295968767677,81.45255567693789,81.23858680865317
101.59972370993356,96.99352832807266,96.77263378541076
102.74572083174364,99.95065084196558,100.14192211917201
34.580259760950575,35.352803557603785,35.259253303023655
76.76399884326723,80.68763558798669,78.69426395960107
52.45970847199936,57.301068041994995,57.62291466740826
92.61499748714944,91.02655080791769,90.60799588725615
83.40111550255243,86.87066007176013,88.2771871486533
69.21731740493442,72.47397360511314,72.45830651008868
87.99498794231258,92.10973300780338,91.82330285212143
63.93003890784031,59.78388646792043,60.28689092506984
64.39615136131341,68.03358363705291,67.44387997359664
29.28855831642432,28.02968403402624,28.289374642001253
89.49267925501361,87.26113356368327,88.24321619767969
89.70981111090788,93.95180103006373,93.8759296676519
70.84299124188856,70.41975156185572,70.15559165423964
30.14132442759085,33.21170258882224,33.27818800710182
18.64987744859831,16.330043739352767,16.231016655617182
69.0164682322891,64.63269246726685,65.02623038673941
52.70840964388739,56.50931099308238,57.27563751874224
24.481774340408883,25.762381216456564,25.87570370120869
26.82184263950244,22.210661776994527,20.685028135991047
16.36390281911223,14.548403296768953,14.213079345758784
21.662362820669014,25.384390941927993,25.879077763673866
74.66568065329717,73.70621473025402,72.37589010650153
39.51039781508207,44.16068578625354,44.52644671090175
101.6602833502152,97.00247927954186,98.4362518304632
66.57464241457467,67.90518649985069,67.00560770193559
50.92039693986127,51.67310618238366,52.20040352167565
18.48993556710433,20.557107254565082,21.46222579107626
28.43993031319423,23.48037741536161,22.94254868070189
43.901302486080205,42.67791629198007,41.80570996460758
25.739855877571763,26.73868400725233,25.68551415809976
30.4588883022137,29.644260963339946,29.95807809041431
45.80391955298967,50.373635002022006,50.86697004458919
68.25984602287532,71.23412618365944,70.21547194415147
16.56611083201646,20.512257027056755,21.46140496603638
60.44561835183792,64.50000220990921,63.55603859976613
97.54704928070268,93.3936513364045,92.62504396222862
33.1875110153236,28.05683823885097,26.773440840672286
29.19449450974281,29.400871457613743,28.369248196954853
39.46934146425882,37.386835354712616,37.41689646198383
13.415219230682483,17.213355793418174,16.561905277213842
34.416376879075855,33.929275205781416,35.77264601006016
59.94101234827462,58.8494398981826,57.68502452410569
21.99821292563682,23.67069591126928,24.091839862900976
72.83656785830358,75.6815110010824,75.88419135179731
28.74193520289523,28.67576293939562,29.03173122258227
25.73816149848144,21.142075936573313,20.359361585750456
88.21309793482668,84.50848021574738,83.17237532958258
78.31052005999334,77.58500952104414,78.50080843796462
82.23403326600646,87.04184121669876,86.42631423987244
91.29441602247124,94.206307743102,94.09071936108887
83.66519514027739,85.00094006915573,84.08018174990119
26.019648605631044,24.655053459624433,24.382143723055542
88.15437705257479,91.02525179601213,89.49873418482679
12.464130699199924,16.246808809715354,16.865852635135084
42.551059943848536,38.171257844978314,38.199121552192956
31.74566154244304,33.97722093781226,33.96594722244151
28.89609186476653,33.78455672271267,32.80204161220224
44.43445394288122,48.44371171413777,47.96215477802567
32.534633451373125,28.836181997763042,28.81625910257672
102.14221170612056,100.32834880117035,99.59233335514232
30.442516802069093,28.668535709846473,27.979094070063578
55.99786531897796,57.47950552915733,57.411657323359286
22.69098624648136,19.47579984765155,18.571091742083755
65.0203931297565,64.1726360810734,63.77175252162452
82.62915492106353,78.69006159926994,77.45730036291192
10.071093855364534,11.697994738515057,12.390019984974629
83.03779746321143,82.86373595689156,82.433731918954
33.37197487453962,31.414547126508914,31.514250204397158
102.47832360934888,100.24477342860168,99.67448165954421
12.45403722995136,13.077265684140635,13.12130676363315
16.104949453063274,15.246674633840662,14.712287610995622
74.52759436543747,78.84126416782398,80.07556929778968
15.0037048140247,18.993923696188865,19.186470300703448
13.75661313915714,15.942256717265671,16.6064940134022
59.54158881839925,55.05736490419831,56.41867299349789
28.546713800092466,28.80113587204552,27.976211062370293
77.60273683142638,77.197594564555,77.19157127209297
33.04786179347245,34.482561220865435,34.307338406159374
24.03633131719852,24.4191510063166,24.16785438711655
59.99604925343188,58.99392624592965,58.085280053326485
51.00065185604654,49.34892708396646,49.41209638378082
86.07860676350838,86.16744824588551,87.40083568872586
23.91653023153692,26.762826585986762,26.783156404727357
73.8094726844485,77.27773126715408,77.32718717524955
90.91069960392124,91.22389461749259,91.03349407824724
76.37825150211354,80.0676458452098,80.27365881075261
47.48321326630516,43.954032964376225,44.32888213059034
59.15672800486272,60.019758986564156,60.50807504986298
27.83288980768754,25.110265282355194,24.486425882949547
80.14062079507293,76.90227193643406,76.90391167198455
19.31301299763615,18.374669061894174,17.094784956770255
95.67574199260724,98.11589574150761,98.62078909371435
79.69989803220375,75.6425618753253,75.8045599958437
20.92102759917107,17.89570997461953,18.795139100337742
43.43976643748528,40.047920959101305,39.49161124605484
18.247501341672724,19.864922891199498,19.773799102523135
28.91419780168393,25.101104068337616,24.931982478354893
83.20518887753344,80.31629238455768,81.06362231217749
42.62086268318407,38.514951903012424,37.38712371424786
96.72463584946148,92.04728264826133,90.92021277232689
51.32006779495244,53.707864948063886,54.9140629977277
33.379111245954,31.99842782579715,31.261716082785462
19.733700753182944,17.920194680973196,19.273144812348992
66.46694142855402,62.80335208107072,63.24214893843437
19.48212495486601,19.46304927473239,19.203922889182405
26.66334931053475,24.524304059400745,25.23579993151086
76.1831947236882,74.7937842541634,75.10986575636385
76.0636781515523,79.1667526042,79.48963020493368
27.18844627217816,23.798850017201342,23.499555805020638
74.04736355886199,72.1034600338324,72.63072547535603
11.17421176434672,15.040284544098832,14.776329512871433
42.386567596772416,39.95443994377266,39.03884802468765
17.4436152163266,22.44364031884605,21.416744021440323
58.59508195199935,55.84057003859397,55.546987102382
78.05687272862993,76.42913777559336,76.4703647279237
30.06318428899122,30.624738903046605,30.54691265755681
69.64224052722119,71.69878975245405,70.63447761843017
78.17955779750898,81.66411586335056,82.33128520826365
26.88413578898716,22.761029522805927,22.29192545291737
22.959817428213817,25.065831390894644,25.656493878834123
12.793337554083031,10.506727553392949,11.54216694272219
26.145574484460703,28.2105781505528,28.656644318789894
95.1119061395617,99.93487652664977,100.10393881194378
44.99807692190785,47.57759612017192,47.04849172550752
100.17638935689436,100.14188710769145,101.1223802817413
96.7743240275305,98.5249005774065,97.61063221533675
27.328057123059683,24.35642321253831,24.76374728380784
12.04292307875857,15.886436003075119,16.22768152442067
66.11023255269733,63.88775682620402,62.9097441169555
32.82483307840404,36.89867861705427,36.056359943299654
41.29185346592497,45.9249354334716,45.42826890891745
34.16095322091562,30.155398311109916,30.53033177526988
72.90812533571363,75.7587137558466,75.68519824645723
19.43585420826157,19.449381202955834,18.92801546818191
49.43146137633944,47.87744567375719,49.48454199264861
45.44589680827388,46.15756927787437,47.32267174333594
30.488012993983443,28.96389127798844,29.919825051300386
60.37987828124759,61.861356115875715,61.88244328463423
96.26721670952676,100.27251794400625,100.30358287510995
86.54649864272159,83.14593584148723,84.1501726327426
52.952151262761696,52.212023376928336,51.68790743546998
66.58134631178766,69.0294696059602,69.81137997895058
31.597866614997443,29.68873904787596,28.687622895914714
20.68883026900579,25.49568058142315,25.70907810979456
44.80057231259762,46.354150632091084,47.71333651067471
54.27706795295287,58.23336444498565,58.78698087220014
18.545440337215098,20.46599966213944,22.72916643396336
91.99365150498028,92.3286640061745,92.02838265161117
97.74041589704277,99.99771052542256,100.1215951676313
17.753569142836835,21.815325152700183,22.21031458332463
29.93659171682625,25.909560765148,24.686972202898392
103.11889643568315,99.9593059680841,99.04543307699122
23.713105692714564,25.285306658278305,24.756721415641767
